Domain Code,Domain,Area Code (FAO),Area,Element Code,Element,Item Code (FAO),Item,Year Code,Year,Unit,Value,Flag,Flag Description
"QCL","Crops and livestock products","2","Afghanistan","5419","Yield","27","Rice, paddy","1970","1970","hg/ha","18119","Fc","Calculated data"
"QCL","Crops and livestock products","2","Afghanistan","5419","Yield","27","Rice, paddy","2019","2019","hg/ha","29993","Fc","Calculated data"
"QCL","Crops and livestock products","2","Afghanistan","5419","Yield","15","Wheat","1970","1970","hg/ha","9563","Fc","Calculated data"
"QCL","Crops and livestock products","2","Afghanistan","5419","Yield","15","Wheat","2019","2019","hg/ha","20951","Fc","Calculated data"
"QCL","Crops and livestock products","3","Albania","5419","Yield","27","Rice, paddy","1970","1970","hg/ha","29705","Fc","Calculated data"
"QCL","Crops and livestock products","3","Albania","5419","Yield","236","Soybeans","2019","2019","hg/ha","27626","Fc","Calculated data"
"QCL","Crops and livestock products","3","Albania","5419","Yield","15","Wheat","1970","1970","hg/ha","15377","Fc","Calculated data"
"QCL","Crops and livestock products","3","Albania","5419","Yield","15","Wheat","2019","2019","hg/ha","40680","Fc","Calculated data"
"QCL","Crops and livestock products","4","Algeria","5419","Yield","27","Rice, paddy","1970","1970","hg/ha","15810","Fc","Calculated data"
"QCL","Crops and livestock products","4","Algeria","5419","Yield","27","Rice, paddy","2019","2019","hg/ha","19913","Fc","Calculated data"
"QCL","Crops and livestock products","4","Algeria","5419","Yield","15","Wheat","1970","1970","hg/ha","6245","Fc","Calculated data"
"QCL","Crops and livestock products","4","Algeria","5419","Yield","15","Wheat","2019","2019","hg/ha","19630","Fc","Calculated data"
"QCL","Crops and livestock products","7","Angola","5419","Yield","27","Rice, paddy","1970","1970","hg/ha","11980","Fc","Calculated data"
"QCL","Crops and livestock products","7","Angola","5419","Yield","27","Rice, paddy","2019","2019","hg/ha","11931","Fc","Calculated data"
"QCL","Crops and livestock products","7","Angola","5419","Yield","236","Soybeans","2019","2019","hg/ha","10303","Fc","Calculated data"
"QCL","Crops and livestock products","7","Angola","5419","Yield","15","Wheat","1970","1970","hg/ha","8546","Fc","Calculated data"
"QCL","Crops and livestock products","7","Angola","5419","Yield","15","Wheat","2019","2019","hg/ha","9704","Fc","Calculated data"
"QCL","Crops and livestock products","9","Argentina","5419","Yield","27","Rice, paddy","1970","1970","hg/ha","39941","Fc","Calculated data"
"QCL","Crops and livestock products","9","Argentina","5419","Yield","27","Rice, paddy","2019","2019","hg/ha","64919","Fc","Calculated data"
"QCL","Crops and livestock products","9","Argentina","5419","Yield","236","Soybeans","1970","1970","hg/ha","10320","Fc","Calculated data"
"QCL","Crops and livestock products","9","Argentina","5419","Yield","236","Soybeans","2019","2019","hg/ha","33340","Fc","Calculated data"
"QCL","Crops and livestock products","9","Argentina","5419","Yield","15","Wheat","1970","1970","hg/ha","13294","Fc","Calculated data"
"QCL","Crops and livestock products","9","Argentina","5419","Yield","15","Wheat","2019","2019","hg/ha","32160","Fc","Calculated data"
"QCL","Crops and livestock products","1","Armenia","5419","Yield","15","Wheat","2019","2019","hg/ha","19565","Fc","Calculated data"
"QCL","Crops and livestock products","10","Australia","5419","Yield","27","Rice, paddy","1970","1970","hg/ha","62274","Fc","Calculated data"
"QCL","Crops and livestock products","10","Australia","5419","Yield","27","Rice, paddy","2019","2019","hg/ha","87710","Fc","Calculated data"
"QCL","Crops and livestock products","10","Australia","5419","Yield","236","Soybeans","1970","1970","hg/ha","10123","Fc","Calculated data"
"QCL","Crops and livestock products","10","Australia","5419","Yield","236","Soybeans","2019","2019","hg/ha","11298","Fc","Calculated data"
"QCL","Crops and livestock products","10","Australia","5419","Yield","15","Wheat","1970","1970","hg/ha","12179","Fc","Calculated data"
"QCL","Crops and livestock products","10","Australia","5419","Yield","15","Wheat","2019","2019","hg/ha","16917","Fc","Calculated data"
"QCL","Crops and livestock products","11","Austria","5419","Yield","236","Soybeans","2019","2019","hg/ha","31467","Fc","Calculated data"
"QCL","Crops and livestock products","11","Austria","5419","Yield","15","Wheat","1970","1970","hg/ha","29445","Fc","Calculated data"
"QCL","Crops and livestock products","11","Austria","5419","Yield","15","Wheat","2019","2019","hg/ha","57372","Fc","Calculated data"
"QCL","Crops and livestock products","52","Azerbaijan","5419","Yield","27","Rice, paddy","2019","2019","hg/ha","27613","Fc","Calculated data"
"QCL","Crops and livestock products","52","Azerbaijan","5419","Yield","236","Soybeans","2019","2019","hg/ha","5833","Fc","Calculated data"
"QCL","Crops and livestock products","52","Azerbaijan","5419","Yield","15","Wheat","2019","2019","hg/ha","31555","Fc","Calculated data"
"QCL","Crops and livestock products","16","Bangladesh","5419","Yield","27","Rice, paddy","1970","1970","hg/ha","16862","Fc","Calculated data"
"QCL","Crops and livestock products","16","Bangladesh","5419","Yield","27","Rice, paddy","2019","2019","hg/ha","47398","Fc","Calculated data"
"QCL","Crops and livestock products","16","Bangladesh","5419","Yield","236","Soybeans","2019","2019","hg/ha","17731","Fc","Calculated data"
"QCL","Crops and livestock products","16","Bangladesh","5419","Yield","15","Wheat","1970","1970","hg/ha","8740","Fc","Calculated data"
"QCL","Crops and livestock products","16","Bangladesh","5419","Yield","15","Wheat","2019","2019","hg/ha","30780","Fc","Calculated data"
"QCL","Crops and livestock products","57","Belarus","5419","Yield","15","Wheat","2019","2019","hg/ha","33268","Fc","Calculated data"
"QCL","Crops and livestock products","255","Belgium","5419","Yield","15","Wheat","2019","2019","hg/ha","93364","Fc","Calculated data"
"QCL","Crops and livestock products","15","Belgium-Luxembourg","5419","Yield","15","Wheat","1970","1970","hg/ha","38482","Fc","Calculated data"
"QCL","Crops and livestock products","23","Belize","5419","Yield","27","Rice, paddy","1970","1970","hg/ha","19679","Fc","Calculated data"
"QCL","Crops and livestock products","23","Belize","5419","Yield","27","Rice, paddy","2019","2019","hg/ha","57509","Fc","Calculated data"
"QCL","Crops and livestock products","23","Belize","5419","Yield","236","Soybeans","2019","2019","hg/ha","11045","Fc","Calculated data"
"QCL","Crops and livestock products","53","Benin","5419","Yield","27","Rice, paddy","1970","1970","hg/ha","14667","Fc","Calculated data"
"QCL","Crops and livestock products","53","Benin","5419","Yield","27","Rice, paddy","2019","2019","hg/ha","35702","Fc","Calculated data"
"QCL","Crops and livestock products","53","Benin","5419","Yield","236","Soybeans","2019","2019","hg/ha","10952","Fc","Calculated data"
"QCL","Crops and livestock products","18","Bhutan","5419","Yield","27","Rice, paddy","1970","1970","hg/ha","20000","Fc","Calculated data"
"QCL","Crops and livestock products","18","Bhutan","5419","Yield","27","Rice, paddy","2019","2019","hg/ha","40723","Fc","Calculated data"
"QCL","Crops and livestock products","18","Bhutan","5419","Yield","236","Soybeans","2019","2019","hg/ha","6813","Fc","Calculated data"
"QCL","Crops and livestock products","18","Bhutan","5419","Yield","15","Wheat","1970","1970","hg/ha","10159","Fc","Calculated data"
"QCL","Crops and livestock products","18","Bhutan","5419","Yield","15","Wheat","2019","2019","hg/ha","13137","Fc","Calculated data"
"QCL","Crops and livestock products","19","Bolivia (Plurinational State of)","5419","Yield","27","Rice, paddy","1970","1970","hg/ha","13157","Fc","Calculated data"
"QCL","Crops and livestock products","19","Bolivia (Plurinational State of)","5419","Yield","27","Rice, paddy","2019","2019","hg/ha","32040","Fc","Calculated data"
"QCL","Crops and livestock products","19","Bolivia (Plurinational State of)","5419","Yield","236","Soybeans","1970","1970","hg/ha","15000","Fc","Calculated data"
"QCL","Crops and livestock products","19","Bolivia (Plurinational State of)","5419","Yield","236","Soybeans","2019","2019","hg/ha","21548","Fc","Calculated data"
"QCL","Crops and livestock products","19","Bolivia (Plurinational State of)","5419","Yield","15","Wheat","1970","1970","hg/ha","7000","Fc","Calculated data"
"QCL","Crops and livestock products","19","Bolivia (Plurinational State of)","5419","Yield","15","Wheat","2019","2019","hg/ha","11993","Fc","Calculated data"
"QCL","Crops and livestock products","80","Bosnia and Herzegovina","5419","Yield","236","Soybeans","2019","2019","hg/ha","26316","Fc","Calculated data"
"QCL","Crops and livestock products","80","Bosnia and Herzegovina","5419","Yield","15","Wheat","2019","2019","hg/ha","38392","Fc","Calculated data"
"QCL","Crops and livestock products","20","Botswana","5419","Yield","15","Wheat","1970","1970","hg/ha","18947","Fc","Calculated data"
"QCL","Crops and livestock products","20","Botswana","5419","Yield","15","Wheat","2019","2019","hg/ha","6081","Fc","Calculated data"
"QCL","Crops and livestock products","21","Brazil","5419","Yield","27","Rice, paddy","1970","1970","hg/ha","15169","Fc","Calculated data"
"QCL","Crops and livestock products","21","Brazil","5419","Yield","27","Rice, paddy","2019","2019","hg/ha","60633","Fc","Calculated data"
"QCL","Crops and livestock products","21","Brazil","5419","Yield","236","Soybeans","1970","1970","hg/ha","11439","Fc","Calculated data"
"QCL","Crops and livestock products","21","Brazil","5419","Yield","236","Soybeans","2019","2019","hg/ha","31846","Fc","Calculated data"
"QCL","Crops and livestock products","21","Brazil","5419","Yield","15","Wheat","1970","1970","hg/ha","9731","Fc","Calculated data"
"QCL","Crops and livestock products","21","Brazil","5419","Yield","15","Wheat","2019","2019","hg/ha","26712","Fc","Calculated data"
"QCL","Crops and livestock products","26","Brunei Darussalam","5419","Yield","27","Rice, paddy","1970","1970","hg/ha","19621","Fc","Calculated data"
"QCL","Crops and livestock products","26","Brunei Darussalam","5419","Yield","27","Rice, paddy","2019","2019","hg/ha","19405","Fc","Calculated data"
"QCL","Crops and livestock products","27","Bulgaria","5419","Yield","27","Rice, paddy","1970","1970","hg/ha","38548","Fc","Calculated data"
"QCL","Crops and livestock products","27","Bulgaria","5419","Yield","27","Rice, paddy","2019","2019","hg/ha","60000","Fc","Calculated data"
"QCL","Crops and livestock products","27","Bulgaria","5419","Yield","236","Soybeans","1970","1970","hg/ha","8301","Fc","Calculated data"
"QCL","Crops and livestock products","27","Bulgaria","5419","Yield","236","Soybeans","2019","2019","hg/ha","19611","Fc","Calculated data"
"QCL","Crops and livestock products","27","Bulgaria","5419","Yield","15","Wheat","1970","1970","hg/ha","29903","Fc","Calculated data"
"QCL","Crops and livestock products","27","Bulgaria","5419","Yield","15","Wheat","2019","2019","hg/ha","52722","Fc","Calculated data"
"QCL","Crops and livestock products","233","Burkina Faso","5419","Yield","27","Rice, paddy","1970","1970","hg/ha","9000","Fc","Calculated data"
"QCL","Crops and livestock products","233","Burkina Faso","5419","Yield","27","Rice, paddy","2019","2019","hg/ha","21242","Fc","Calculated data"
"QCL","Crops and livestock products","233","Burkina Faso","5419","Yield","236","Soybeans","2019","2019","hg/ha","11568","Fc","Calculated data"
"QCL","Crops and livestock products","29","Burundi","5419","Yield","27","Rice, paddy","1970","1970","hg/ha","14379","Fc","Calculated data"
"QCL","Crops and livestock products","29","Burundi","5419","Yield","27","Rice, paddy","2019","2019","hg/ha","15002","Fc","Calculated data"
"QCL","Crops and livestock products","29","Burundi","5419","Yield","236","Soybeans","1970","1970","hg/ha","10000","Fc","Calculated data"
"QCL","Crops and livestock products","29","Burundi","5419","Yield","236","Soybeans","2019","2019","hg/ha","5628","Fc","Calculated data"
"QCL","Crops and livestock products","29","Burundi","5419","Yield","15","Wheat","1970","1970","hg/ha","5805","Fc","Calculated data"
"QCL","Crops and livestock products","29","Burundi","5419","Yield","15","Wheat","2019","2019","hg/ha","6402","Fc","Calculated data"
"QCL","Crops and livestock products","115","Cambodia","5419","Yield","27","Rice, paddy","1970","1970","hg/ha","15898","Fc","Calculated data"
"QCL","Crops and livestock products","115","Cambodia","5419","Yield","27","Rice, paddy","2019","2019","hg/ha","36271","Fc","Calculated data"
"QCL","Crops and livestock products","115","Cambodia","5419","Yield","236","Soybeans","1970","1970","hg/ha","8000","Fc","Calculated data"
"QCL","Crops and livestock products","115","Cambodia","5419","Yield","236","Soybeans","2019","2019","hg/ha","16189","Fc","Calculated data"
"QCL","Crops and livestock products","32","Cameroon","5419","Yield","27","Rice, paddy","1970","1970","hg/ha","8283","Fc","Calculated data"
"QCL","Crops and livestock products","32","Cameroon","5419","Yield","27","Rice, paddy","2019","2019","hg/ha","11664","Fc","Calculated data"
"QCL","Crops and livestock products","32","Cameroon","5419","Yield","236","Soybeans","2019","2019","hg/ha","14450","Fc","Calculated data"
"QCL","Crops and livestock products","32","Cameroon","5419","Yield","15","Wheat","2019","2019","hg/ha","13303","Fc","Calculated data"
"QCL","Crops and livestock products","33","Canada","5419","Yield","236","Soybeans","1970","1970","hg/ha","20848","Fc","Calculated data"
"QCL","Crops and livestock products","33","Canada","5419","Yield","236","Soybeans","2019","2019","hg/ha","26625","Fc","Calculated data"
"QCL","Crops and livestock products","33","Canada","5419","Yield","15","Wheat","1970","1970","hg/ha","17864","Fc","Calculated data"
"QCL","Crops and livestock products","33","Canada","5419","Yield","15","Wheat","2019","2019","hg/ha","33502","Fc","Calculated data"
"QCL","Crops and livestock products","37","Central African Republic","5419","Yield","27","Rice, paddy","1970","1970","hg/ha","5512","Fc","Calculated data"
"QCL","Crops and livestock products","37","Central African Republic","5419","Yield","27","Rice, paddy","2019","2019","hg/ha","16890","Fc","Calculated data"
"QCL","Crops and livestock products","39","Chad","5419","Yield","27","Rice, paddy","1970","1970","hg/ha","9623","Fc","Calculated data"
"QCL","Crops and livestock products","39","Chad","5419","Yield","27","Rice, paddy","2019","2019","hg/ha","15108","Fc","Calculated data"
"QCL","Crops and livestock products","39","Chad","5419","Yield","15","Wheat","1970","1970","hg/ha","15682","Fc","Calculated data"
"QCL","Crops and livestock products","39","Chad","5419","Yield","15","Wheat","2019","2019","hg/ha","18712","Fc","Calculated data"
"QCL","Crops and livestock products","40","Chile","5419","Yield","27","Rice, paddy","1970","1970","hg/ha","30228","Fc","Calculated data"
"QCL","Crops and livestock products","40","Chile","5419","Yield","27","Rice, paddy","2019","2019","hg/ha","66648","Fc","Calculated data"
"QCL","Crops and livestock products","40","Chile","5419","Yield","236","Soybeans","1970","1970","hg/ha","10000","Fc","Calculated data"
"QCL","Crops and livestock products","40","Chile","5419","Yield","15","Wheat","1970","1970","hg/ha","17654","Fc","Calculated data"
"QCL","Crops and livestock products","40","Chile","5419","Yield","15","Wheat","2019","2019","hg/ha","62860","Fc","Calculated data"
"QCL","Crops and livestock products","351","China","5419","Yield","27","Rice, paddy","1970","1970","hg/ha","34162","Fc","Calculated data"
"QCL","Crops and livestock products","351","China","5419","Yield","27","Rice, paddy","2019","2019","hg/ha","70562","Fc","Calculated data"
"QCL","Crops and livestock products","351","China","5419","Yield","236","Soybeans","1970","1970","hg/ha","10942","Fc","Calculated data"
"QCL","Crops and livestock products","351","China","5419","Yield","236","Soybeans","2019","2019","hg/ha","18666","Fc","Calculated data"
"QCL","Crops and livestock products","351","China","5419","Yield","15","Wheat","1970","1970","hg/ha","11476","Fc","Calculated data"
"QCL","Crops and livestock products","351","China","5419","Yield","15","Wheat","2019","2019","hg/ha","56294","Fc","Calculated data"
"QCL","Crops and livestock products","96","China, Hong Kong SAR","5419","Yield","27","Rice, paddy","1970","1970","hg/ha","23669","Fc","Calculated data"
"QCL","Crops and livestock products","41","China, mainland","5419","Yield","27","Rice, paddy","1970","1970","hg/ha","34025","Fc","Calculated data"
"QCL","Crops and livestock products","41","China, mainland","5419","Yield","27","Rice, paddy","2019","2019","hg/ha","70601","Fc","Calculated data"
"QCL","Crops and livestock products","41","China, mainland","5419","Yield","236","Soybeans","1970","1970","hg/ha","10919","Fc","Calculated data"
"QCL","Crops and livestock products","41","China, mainland","5419","Yield","236","Soybeans","2019","2019","hg/ha","18668","Fc","Calculated data"
"QCL","Crops and livestock products","41","China, mainland","5419","Yield","15","Wheat","1970","1970","hg/ha","11475","Fc","Calculated data"
"QCL","Crops and livestock products","41","China, mainland","5419","Yield","15","Wheat","2019","2019","hg/ha","56298","Fc","Calculated data"
"QCL","Crops and livestock products","214","China, Taiwan Province of","5419","Yield","27","Rice, paddy","1970","1970","hg/ha","39944","Fc","Calculated data"
"QCL","Crops and livestock products","214","China, Taiwan Province of","5419","Yield","27","Rice, paddy","2019","2019","hg/ha","66325","Fc","Calculated data"
"QCL","Crops and livestock products","214","China, Taiwan Province of","5419","Yield","236","Soybeans","1970","1970","hg/ha","15246","Fc","Calculated data"
"QCL","Crops and livestock products","214","China, Taiwan Province of","5419","Yield","236","Soybeans","2019","2019","hg/ha","14026","Fc","Calculated data"
"QCL","Crops and livestock products","214","China, Taiwan Province of","5419","Yield","15","Wheat","1970","1970","hg/ha","18293","Fc","Calculated data"
"QCL","Crops and livestock products","214","China, Taiwan Province of","5419","Yield","15","Wheat","2019","2019","hg/ha","18871","Fc","Calculated data"
"QCL","Crops and livestock products","44","Colombia","5419","Yield","27","Rice, paddy","1970","1970","hg/ha","32271","Fc","Calculated data"
"QCL","Crops and livestock products","44","Colombia","5419","Yield","27","Rice, paddy","2019","2019","hg/ha","56712","Fc","Calculated data"
"QCL","Crops and livestock products","44","Colombia","5419","Yield","236","Soybeans","1970","1970","hg/ha","19835","Fc","Calculated data"
"QCL","Crops and livestock products","44","Colombia","5419","Yield","236","Soybeans","2019","2019","hg/ha","28128","Fc","Calculated data"
"QCL","Crops and livestock products","44","Colombia","5419","Yield","15","Wheat","1970","1970","hg/ha","11828","Fc","Calculated data"
"QCL","Crops and livestock products","44","Colombia","5419","Yield","15","Wheat","2019","2019","hg/ha","20798","Fc","Calculated data"
"QCL","Crops and livestock products","45","Comoros","5419","Yield","27","Rice, paddy","1970","1970","hg/ha","11111","Fc","Calculated data"
"QCL","Crops and livestock products","45","Comoros","5419","Yield","27","Rice, paddy","2019","2019","hg/ha","12817","Fc","Calculated data"
"QCL","Crops and livestock products","46","Congo","5419","Yield","27","Rice, paddy","1970","1970","hg/ha","20000","Fc","Calculated data"
"QCL","Crops and livestock products","46","Congo","5419","Yield","27","Rice, paddy","2019","2019","hg/ha","5980","Fc","Calculated data"
"QCL","Crops and livestock products","48","Costa Rica","5419","Yield","27","Rice, paddy","1970","1970","hg/ha","18341","Fc","Calculated data"
"QCL","Crops and livestock products","48","Costa Rica","5419","Yield","27","Rice, paddy","2019","2019","hg/ha","48585","Fc","Calculated data"
"QCL","Crops and livestock products","107","Côte d'Ivoire","5419","Yield","27","Rice, paddy","1970","1970","hg/ha","10917","Fc","Calculated data"
"QCL","Crops and livestock products","107","Côte d'Ivoire","5419","Yield","27","Rice, paddy","2019","2019","hg/ha","26996","Fc","Calculated data"
"QCL","Crops and livestock products","107","Côte d'Ivoire","5419","Yield","236","Soybeans","2019","2019","hg/ha","14502","Fc","Calculated data"
"QCL","Crops and livestock products","98","Croatia","5419","Yield","236","Soybeans","2019","2019","hg/ha","31186","Fc","Calculated data"
"QCL","Crops and livestock products","98","Croatia","5419","Yield","15","Wheat","2019","2019","hg/ha","56114","Fc","Calculated data"
"QCL","Crops and livestock products","49","Cuba","5419","Yield","27","Rice, paddy","1970","1970","hg/ha","19177","Fc","Calculated data"
"QCL","Crops and livestock products","49","Cuba","5419","Yield","27","Rice, paddy","2019","2019","hg/ha","34843","Fc","Calculated data"
"QCL","Crops and livestock products","50","Cyprus","5419","Yield","15","Wheat","1970","1970","hg/ha","5517","Fc","Calculated data"
"QCL","Crops and livestock products","50","Cyprus","5419","Yield","15","Wheat","2019","2019","hg/ha","27828","Fc","Calculated data"
"QCL","Crops and livestock products","167","Czechia","5419","Yield","236","Soybeans","2019","2019","hg/ha","22745","Fc","Calculated data"
"QCL","Crops and livestock products","167","Czechia","5419","Yield","15","Wheat","2019","2019","hg/ha","57325","Fc","Calculated data"
"QCL","Crops and livestock products","51","Czechoslovakia","5419","Yield","15","Wheat","1970","1970","hg/ha","29456","Fc","Calculated data"
"QCL","Crops and livestock products","116","Democratic People's Republic of Korea","5419","Yield","27","Rice, paddy","1970","1970","hg/ha","43915","Fc","Calculated data"
"QCL","Crops and livestock products","116","Democratic People's Republic of Korea","5419","Yield","27","Rice, paddy","2019","2019","hg/ha","60186","Fc","Calculated data"
"QCL","Crops and livestock products","116","Democratic People's Republic of Korea","5419","Yield","236","Soybeans","1970","1970","hg/ha","9173","Fc","Calculated data"
"QCL","Crops and livestock products","116","Democratic People's Republic of Korea","5419","Yield","236","Soybeans","2019","2019","hg/ha","17041","Fc","Calculated data"
"QCL","Crops and livestock products","116","Democratic People's Republic of Korea","5419","Yield","15","Wheat","1970","1970","hg/ha","6069","Fc","Calculated data"
"QCL","Crops and livestock products","116","Democratic People's Republic of Korea","5419","Yield","15","Wheat","2019","2019","hg/ha","12168","Fc","Calculated data"
"QCL","Crops and livestock products","250","Democratic Republic of the Congo","5419","Yield","27","Rice, paddy","1970","1970","hg/ha","7357","Fc","Calculated data"
"QCL","Crops and livestock products","250","Democratic Republic of the Congo","5419","Yield","27","Rice, paddy","2019","2019","hg/ha","7603","Fc","Calculated data"
"QCL","Crops and livestock products","250","Democratic Republic of the Congo","5419","Yield","236","Soybeans","1970","1970","hg/ha","8421","Fc","Calculated data"
"QCL","Crops and livestock products","250","Democratic Republic of the Congo","5419","Yield","236","Soybeans","2019","2019","hg/ha","5444","Fc","Calculated data"
"QCL","Crops and livestock products","250","Democratic Republic of the Congo","5419","Yield","15","Wheat","1970","1970","hg/ha","5300","Fc","Calculated data"
"QCL","Crops and livestock products","250","Democratic Republic of the Congo","5419","Yield","15","Wheat","2019","2019","hg/ha","13109","Fc","Calculated data"
"QCL","Crops and livestock products","54","Denmark","5419","Yield","15","Wheat","1970","1970","hg/ha","44859","Fc","Calculated data"
"QCL","Crops and livestock products","54","Denmark","5419","Yield","15","Wheat","2019","2019","hg/ha","80957","Fc","Calculated data"
"QCL","Crops and livestock products","56","Dominican Republic","5419","Yield","27","Rice, paddy","1970","1970","hg/ha","25293","Fc","Calculated data"
"QCL","Crops and livestock products","56","Dominican Republic","5419","Yield","27","Rice, paddy","2019","2019","hg/ha","55292","Fc","Calculated data"
"QCL","Crops and livestock products","58","Ecuador","5419","Yield","27","Rice, paddy","1970","1970","hg/ha","26571","Fc","Calculated data"
"QCL","Crops and livestock products","58","Ecuador","5419","Yield","27","Rice, paddy","2019","2019","hg/ha","42744","Fc","Calculated data"
"QCL","Crops and livestock products","58","Ecuador","5419","Yield","236","Soybeans","1970","1970","hg/ha","9836","Fc","Calculated data"
"QCL","Crops and livestock products","58","Ecuador","5419","Yield","236","Soybeans","2019","2019","hg/ha","14624","Fc","Calculated data"
"QCL","Crops and livestock products","58","Ecuador","5419","Yield","15","Wheat","1970","1970","hg/ha","10626","Fc","Calculated data"
"QCL","Crops and livestock products","58","Ecuador","5419","Yield","15","Wheat","2019","2019","hg/ha","16444","Fc","Calculated data"
"QCL","Crops and livestock products","59","Egypt","5419","Yield","27","Rice, paddy","1970","1970","hg/ha","54250","Fc","Calculated data"
"QCL","Crops and livestock products","59","Egypt","5419","Yield","27","Rice, paddy","2019","2019","hg/ha","83726","Fc","Calculated data"
"QCL","Crops and livestock products","59","Egypt","5419","Yield","236","Soybeans","2019","2019","hg/ha","31429","Fc","Calculated data"
"QCL","Crops and livestock products","59","Egypt","5419","Yield","15","Wheat","1970","1970","hg/ha","27561","Fc","Calculated data"
"QCL","Crops and livestock products","59","Egypt","5419","Yield","15","Wheat","2019","2019","hg/ha","63789","Fc","Calculated data"
"QCL","Crops and livestock products","60","El Salvador","5419","Yield","27","Rice, paddy","1970","1970","hg/ha","37169","Fc","Calculated data"
"QCL","Crops and livestock products","60","El Salvador","5419","Yield","27","Rice, paddy","2019","2019","hg/ha","64150","Fc","Calculated data"
"QCL","Crops and livestock products","60","El Salvador","5419","Yield","236","Soybeans","1970","1970","hg/ha","14444","Fc","Calculated data"
"QCL","Crops and livestock products","60","El Salvador","5419","Yield","236","Soybeans","2019","2019","hg/ha","18108","Fc","Calculated data"
"QCL","Crops and livestock products","178","Eritrea","5419","Yield","15","Wheat","2019","2019","hg/ha","10000","Fc","Calculated data"
"QCL","Crops and livestock products","63","Estonia","5419","Yield","15","Wheat","2019","2019","hg/ha","50699","Fc","Calculated data"
"QCL","Crops and livestock products","209","Eswatini","5419","Yield","27","Rice, paddy","1970","1970","hg/ha","30540","Fc","Calculated data"
"QCL","Crops and livestock products","209","Eswatini","5419","Yield","27","Rice, paddy","2019","2019","hg/ha","33670","Fc","Calculated data"
"QCL","Crops and livestock products","209","Eswatini","5419","Yield","15","Wheat","1970","1970","hg/ha","27895","Fc","Calculated data"
"QCL","Crops and livestock products","209","Eswatini","5419","Yield","15","Wheat","2019","2019","hg/ha","18144","Fc","Calculated data"
"QCL","Crops and livestock products","238","Ethiopia","5419","Yield","27","Rice, paddy","2019","2019","hg/ha","29636","Fc","Calculated data"
"QCL","Crops and livestock products","238","Ethiopia","5419","Yield","236","Soybeans","2019","2019","hg/ha","23032","Fc","Calculated data"
"QCL","Crops and livestock products","238","Ethiopia","5419","Yield","15","Wheat","2019","2019","hg/ha","29705","Fc","Calculated data"
"QCL","Crops and livestock products","62","Ethiopia PDR","5419","Yield","236","Soybeans","1970","1970","hg/ha","23636","Fc","Calculated data"
"QCL","Crops and livestock products","62","Ethiopia PDR","5419","Yield","15","Wheat","1970","1970","hg/ha","7549","Fc","Calculated data"
"QCL","Crops and livestock products","66","Fiji","5419","Yield","27","Rice, paddy","1970","1970","hg/ha","18922","Fc","Calculated data"
"QCL","Crops and livestock products","66","Fiji","5419","Yield","27","Rice, paddy","2019","2019","hg/ha","30000","Fc","Calculated data"
"QCL","Crops and livestock products","67","Finland","5419","Yield","15","Wheat","1970","1970","hg/ha","23322","Fc","Calculated data"
"QCL","Crops and livestock products","67","Finland","5419","Yield","15","Wheat","2019","2019","hg/ha","46264","Fc","Calculated data"
"QCL","Crops and livestock products","68","France","5419","Yield","27","Rice, paddy","1970","1970","hg/ha","42177","Fc","Calculated data"
"QCL","Crops and livestock products","68","France","5419","Yield","27","Rice, paddy","2019","2019","hg/ha","54682","Fc","Calculated data"
"QCL","Crops and livestock products","68","France","5419","Yield","236","Soybeans","2019","2019","hg/ha","26162","Fc","Calculated data"
"QCL","Crops and livestock products","68","France","5419","Yield","15","Wheat","1970","1970","hg/ha","34223","Fc","Calculated data"
"QCL","Crops and livestock products","68","France","5419","Yield","15","Wheat","2019","2019","hg/ha","77428","Fc","Calculated data"
"QCL","Crops and livestock products","69","French Guyana","5419","Yield","27","Rice, paddy","1970","1970","hg/ha","15000","Fc","Calculated data"
"QCL","Crops and livestock products","74","Gabon","5419","Yield","27","Rice, paddy","1970","1970","hg/ha","16301","Fc","Calculated data"
"QCL","Crops and livestock products","74","Gabon","5419","Yield","27","Rice, paddy","2019","2019","hg/ha","30549","Fc","Calculated data"
"QCL","Crops and livestock products","74","Gabon","5419","Yield","236","Soybeans","2019","2019","hg/ha","8783","Fc","Calculated data"
"QCL","Crops and livestock products","75","Gambia","5419","Yield","27","Rice, paddy","1970","1970","hg/ha","14347","Fc","Calculated data"
"QCL","Crops and livestock products","75","Gambia","5419","Yield","27","Rice, paddy","2019","2019","hg/ha","3385","Fc","Calculated data"
"QCL","Crops and livestock products","73","Georgia","5419","Yield","236","Soybeans","2019","2019","hg/ha","33784","Fc","Calculated data"
"QCL","Crops and livestock products","73","Georgia","5419","Yield","15","Wheat","2019","2019","hg/ha","23341","Fc","Calculated data"
"QCL","Crops and livestock products","79","Germany","5419","Yield","236","Soybeans","2019","2019","hg/ha","29100","Fc","Calculated data"
"QCL","Crops and livestock products","79","Germany","5419","Yield","15","Wheat","1970","1970","hg/ha","37264","Fc","Calculated data"
"QCL","Crops and livestock products","79","Germany","5419","Yield","15","Wheat","2019","2019","hg/ha","73964","Fc","Calculated data"
"QCL","Crops and livestock products","81","Ghana","5419","Yield","27","Rice, paddy","1970","1970","hg/ha","8873","Fc","Calculated data"
"QCL","Crops and livestock products","81","Ghana","5419","Yield","27","Rice, paddy","2019","2019","hg/ha","28797","Fc","Calculated data"
"QCL","Crops and livestock products","81","Ghana","5419","Yield","236","Soybeans","2019","2019","hg/ha","16807","Fc","Calculated data"
"QCL","Crops and livestock products","84","Greece","5419","Yield","27","Rice, paddy","1970","1970","hg/ha","49846","Fc","Calculated data"
"QCL","Crops and livestock products","84","Greece","5419","Yield","27","Rice, paddy","2019","2019","hg/ha","73989","Fc","Calculated data"
"QCL","Crops and livestock products","84","Greece","5419","Yield","236","Soybeans","2019","2019","hg/ha","36117","Fc","Calculated data"
"QCL","Crops and livestock products","84","Greece","5419","Yield","15","Wheat","1970","1970","hg/ha","19806","Fc","Calculated data"
"QCL","Crops and livestock products","84","Greece","5419","Yield","15","Wheat","2019","2019","hg/ha","27939","Fc","Calculated data"
"QCL","Crops and livestock products","89","Guatemala","5419","Yield","27","Rice, paddy","1970","1970","hg/ha","20095","Fc","Calculated data"
"QCL","Crops and livestock products","89","Guatemala","5419","Yield","27","Rice, paddy","2019","2019","hg/ha","29745","Fc","Calculated data"
"QCL","Crops and livestock products","89","Guatemala","5419","Yield","236","Soybeans","2019","2019","hg/ha","26000","Fc","Calculated data"
"QCL","Crops and livestock products","89","Guatemala","5419","Yield","15","Wheat","1970","1970","hg/ha","11003","Fc","Calculated data"
"QCL","Crops and livestock products","89","Guatemala","5419","Yield","15","Wheat","2019","2019","hg/ha","21429","Fc","Calculated data"
"QCL","Crops and livestock products","90","Guinea","5419","Yield","27","Rice, paddy","1970","1970","hg/ha","17042","Fc","Calculated data"
"QCL","Crops and livestock products","90","Guinea","5419","Yield","27","Rice, paddy","2019","2019","hg/ha","13508","Fc","Calculated data"
"QCL","Crops and livestock products","175","Guinea-Bissau","5419","Yield","27","Rice, paddy","1970","1970","hg/ha","11667","Fc","Calculated data"
"QCL","Crops and livestock products","175","Guinea-Bissau","5419","Yield","27","Rice, paddy","2019","2019","hg/ha","15583","Fc","Calculated data"
"QCL","Crops and livestock products","91","Guyana","5419","Yield","27","Rice, paddy","1970","1970","hg/ha","18922","Fc","Calculated data"
"QCL","Crops and livestock products","91","Guyana","5419","Yield","27","Rice, paddy","2019","2019","hg/ha","50865","Fc","Calculated data"
"QCL","Crops and livestock products","93","Haiti","5419","Yield","27","Rice, paddy","1970","1970","hg/ha","21053","Fc","Calculated data"
"QCL","Crops and livestock products","93","Haiti","5419","Yield","27","Rice, paddy","2019","2019","hg/ha","27228","Fc","Calculated data"
"QCL","Crops and livestock products","95","Honduras","5419","Yield","27","Rice, paddy","1970","1970","hg/ha","13030","Fc","Calculated data"
"QCL","Crops and livestock products","95","Honduras","5419","Yield","27","Rice, paddy","2019","2019","hg/ha","37581","Fc","Calculated data"
"QCL","Crops and livestock products","95","Honduras","5419","Yield","236","Soybeans","2019","2019","hg/ha","20294","Fc","Calculated data"
"QCL","Crops and livestock products","95","Honduras","5419","Yield","15","Wheat","1970","1970","hg/ha","8295","Fc","Calculated data"
"QCL","Crops and livestock products","95","Honduras","5419","Yield","15","Wheat","2019","2019","hg/ha","5457","Fc","Calculated data"
"QCL","Crops and livestock products","97","Hungary","5419","Yield","27","Rice, paddy","1970","1970","hg/ha","19076","Fc","Calculated data"
"QCL","Crops and livestock products","97","Hungary","5419","Yield","27","Rice, paddy","2019","2019","hg/ha","41623","Fc","Calculated data"
"QCL","Crops and livestock products","97","Hungary","5419","Yield","236","Soybeans","2019","2019","hg/ha","29121","Fc","Calculated data"
"QCL","Crops and livestock products","97","Hungary","5419","Yield","15","Wheat","1970","1970","hg/ha","21370","Fc","Calculated data"
"QCL","Crops and livestock products","97","Hungary","5419","Yield","15","Wheat","2019","2019","hg/ha","52949","Fc","Calculated data"
"QCL","Crops and livestock products","100","India","5419","Yield","27","Rice, paddy","1970","1970","hg/ha","16849","Fc","Calculated data"
"QCL","Crops and livestock products","100","India","5419","Yield","27","Rice, paddy","2019","2019","hg/ha","40577","Fc","Calculated data"
"QCL","Crops and livestock products","100","India","5419","Yield","236","Soybeans","1970","1970","hg/ha","4375","Fc","Calculated data"
"QCL","Crops and livestock products","100","India","5419","Yield","236","Soybeans","2019","2019","hg/ha","11919","Fc","Calculated data"
"QCL","Crops and livestock products","100","India","5419","Yield","15","Wheat","1970","1970","hg/ha","12086","Fc","Calculated data"
"QCL","Crops and livestock products","100","India","5419","Yield","15","Wheat","2019","2019","hg/ha","35334","Fc","Calculated data"
"QCL","Crops and livestock products","101","Indonesia","5419","Yield","27","Rice, paddy","1970","1970","hg/ha","23763","Fc","Calculated data"
"QCL","Crops and livestock products","101","Indonesia","5419","Yield","27","Rice, paddy","2019","2019","hg/ha","51137","Fc","Calculated data"
"QCL","Crops and livestock products","101","Indonesia","5419","Yield","236","Soybeans","1970","1970","hg/ha","7164","Fc","Calculated data"
"QCL","Crops and livestock products","101","Indonesia","5419","Yield","236","Soybeans","2019","2019","hg/ha","15161","Fc","Calculated data"
"QCL","Crops and livestock products","102","Iran (Islamic Republic of)","5419","Yield","27","Rice, paddy","1970","1970","hg/ha","27937","Fc","Calculated data"
"QCL","Crops and livestock products","102","Iran (Islamic Republic of)","5419","Yield","27","Rice, paddy","2019","2019","hg/ha","45582","Fc","Calculated data"
"QCL","Crops and livestock products","102","Iran (Islamic Republic of)","5419","Yield","236","Soybeans","1970","1970","hg/ha","10000","Fc","Calculated data"
"QCL","Crops and livestock products","102","Iran (Islamic Republic of)","5419","Yield","236","Soybeans","2019","2019","hg/ha","23881","Fc","Calculated data"
"QCL","Crops and livestock products","102","Iran (Islamic Republic of)","5419","Yield","15","Wheat","1970","1970","hg/ha","8001","Fc","Calculated data"
"QCL","Crops and livestock products","102","Iran (Islamic Republic of)","5419","Yield","15","Wheat","2019","2019","hg/ha","20906","Fc","Calculated data"
"QCL","Crops and livestock products","103","Iraq","5419","Yield","27","Rice, paddy","1970","1970","hg/ha","24027","Fc","Calculated data"
"QCL","Crops and livestock products","103","Iraq","5419","Yield","27","Rice, paddy","2019","2019","hg/ha","45014","Fc","Calculated data"
"QCL","Crops and livestock products","103","Iraq","5419","Yield","236","Soybeans","2019","2019","hg/ha","8000","Fc","Calculated data"
"QCL","Crops and livestock products","103","Iraq","5419","Yield","15","Wheat","1970","1970","hg/ha","8829","Fc","Calculated data"
"QCL","Crops and livestock products","103","Iraq","5419","Yield","15","Wheat","2019","2019","hg/ha","28144","Fc","Calculated data"
"QCL","Crops and livestock products","104","Ireland","5419","Yield","15","Wheat","1970","1970","hg/ha","40234","Fc","Calculated data"
"QCL","Crops and livestock products","104","Ireland","5419","Yield","15","Wheat","2019","2019","hg/ha","93787","Fc","Calculated data"
"QCL","Crops and livestock products","105","Israel","5419","Yield","15","Wheat","1970","1970","hg/ha","11637","Fc","Calculated data"
"QCL","Crops and livestock products","105","Israel","5419","Yield","15","Wheat","2019","2019","hg/ha","20521","Fc","Calculated data"
"QCL","Crops and livestock products","106","Italy","5419","Yield","27","Rice, paddy","1970","1970","hg/ha","47327","Fc","Calculated data"
"QCL","Crops and livestock products","106","Italy","5419","Yield","27","Rice, paddy","2019","2019","hg/ha","67837","Fc","Calculated data"
"QCL","Crops and livestock products","106","Italy","5419","Yield","236","Soybeans","1970","1970","hg/ha","20482","Fc","Calculated data"
"QCL","Crops and livestock products","106","Italy","5419","Yield","236","Soybeans","2019","2019","hg/ha","38153","Fc","Calculated data"
"QCL","Crops and livestock products","106","Italy","5419","Yield","15","Wheat","1970","1970","hg/ha","23412","Fc","Calculated data"
"QCL","Crops and livestock products","106","Italy","5419","Yield","15","Wheat","2019","2019","hg/ha","38409","Fc","Calculated data"
"QCL","Crops and livestock products","109","Jamaica","5419","Yield","27","Rice, paddy","1970","1970","hg/ha","15062","Fc","Calculated data"
"QCL","Crops and livestock products","109","Jamaica","5419","Yield","27","Rice, paddy","2019","2019","hg/ha","10000","Fc","Calculated data"
"QCL","Crops and livestock products","110","Japan","5419","Yield","27","Rice, paddy","1970","1970","hg/ha","56348","Fc","Calculated data"
"QCL","Crops and livestock products","110","Japan","5419","Yield","27","Rice, paddy","2019","2019","hg/ha","68268","Fc","Calculated data"
"QCL","Crops and livestock products","110","Japan","5419","Yield","236","Soybeans","1970","1970","hg/ha","13190","Fc","Calculated data"
"QCL","Crops and livestock products","110","Japan","5419","Yield","236","Soybeans","2019","2019","hg/ha","15178","Fc","Calculated data"
"QCL","Crops and livestock products","110","Japan","5419","Yield","15","Wheat","1970","1970","hg/ha","20663","Fc","Calculated data"
"QCL","Crops and livestock products","110","Japan","5419","Yield","15","Wheat","2019","2019","hg/ha","49008","Fc","Calculated data"
"QCL","Crops and livestock products","112","Jordan","5419","Yield","15","Wheat","1970","1970","hg/ha","2430","Fc","Calculated data"
"QCL","Crops and livestock products","112","Jordan","5419","Yield","15","Wheat","2019","2019","hg/ha","23925","Fc","Calculated data"
"QCL","Crops and livestock products","108","Kazakhstan","5419","Yield","27","Rice, paddy","2019","2019","hg/ha","54984","Fc","Calculated data"
"QCL","Crops and livestock products","108","Kazakhstan","5419","Yield","236","Soybeans","2019","2019","hg/ha","20324","Fc","Calculated data"
"QCL","Crops and livestock products","108","Kazakhstan","5419","Yield","15","Wheat","2019","2019","hg/ha","9897","Fc","Calculated data"
"QCL","Crops and livestock products","114","Kenya","5419","Yield","27","Rice, paddy","1970","1970","hg/ha","48768","Fc","Calculated data"
"QCL","Crops and livestock products","114","Kenya","5419","Yield","27","Rice, paddy","2019","2019","hg/ha","68363","Fc","Calculated data"
"QCL","Crops and livestock products","114","Kenya","5419","Yield","236","Soybeans","2019","2019","hg/ha","9992","Fc","Calculated data"
"QCL","Crops and livestock products","114","Kenya","5419","Yield","15","Wheat","1970","1970","hg/ha","16132","Fc","Calculated data"
"QCL","Crops and livestock products","114","Kenya","5419","Yield","15","Wheat","2019","2019","hg/ha","27169","Fc","Calculated data"
"QCL","Crops and livestock products","118","Kuwait","5419","Yield","15","Wheat","2019","2019","hg/ha","32000","Fc","Calculated data"
"QCL","Crops and livestock products","113","Kyrgyzstan","5419","Yield","27","Rice, paddy","2019","2019","hg/ha","36464","Fc","Calculated data"
"QCL","Crops and livestock products","113","Kyrgyzstan","5419","Yield","236","Soybeans","2019","2019","hg/ha","19378","Fc","Calculated data"
"QCL","Crops and livestock products","113","Kyrgyzstan","5419","Yield","15","Wheat","2019","2019","hg/ha","25093","Fc","Calculated data"
"QCL","Crops and livestock products","120","Lao People's Democratic Republic","5419","Yield","27","Rice, paddy","1970","1970","hg/ha","13589","Fc","Calculated data"
"QCL","Crops and livestock products","120","Lao People's Democratic Republic","5419","Yield","27","Rice, paddy","2019","2019","hg/ha","43865","Fc","Calculated data"
"QCL","Crops and livestock products","120","Lao People's Democratic Republic","5419","Yield","236","Soybeans","1970","1970","hg/ha","10000","Fc","Calculated data"
"QCL","Crops and livestock products","120","Lao People's Democratic Republic","5419","Yield","236","Soybeans","2019","2019","hg/ha","17393","Fc","Calculated data"
"QCL","Crops and livestock products","119","Latvia","5419","Yield","15","Wheat","2019","2019","hg/ha","48123","Fc","Calculated data"
"QCL","Crops and livestock products","121","Lebanon","5419","Yield","15","Wheat","1970","1970","hg/ha","9042","Fc","Calculated data"
"QCL","Crops and livestock products","121","Lebanon","5419","Yield","15","Wheat","2019","2019","hg/ha","31707","Fc","Calculated data"
"QCL","Crops and livestock products","122","Lesotho","5419","Yield","15","Wheat","1970","1970","hg/ha","6561","Fc","Calculated data"
"QCL","Crops and livestock products","122","Lesotho","5419","Yield","15","Wheat","2019","2019","hg/ha","8913","Fc","Calculated data"
"QCL","Crops and livestock products","123","Liberia","5419","Yield","27","Rice, paddy","1970","1970","hg/ha","12338","Fc","Calculated data"
"QCL","Crops and livestock products","123","Liberia","5419","Yield","27","Rice, paddy","2019","2019","hg/ha","7083","Fc","Calculated data"
"QCL","Crops and livestock products","123","Liberia","5419","Yield","236","Soybeans","1970","1970","hg/ha","3429","Fc","Calculated data"
"QCL","Crops and livestock products","123","Liberia","5419","Yield","236","Soybeans","2019","2019","hg/ha","4310","Fc","Calculated data"
"QCL","Crops and livestock products","124","Libya","5419","Yield","15","Wheat","1970","1970","hg/ha","1735","Fc","Calculated data"
"QCL","Crops and livestock products","124","Libya","5419","Yield","15","Wheat","2019","2019","hg/ha","7737","Fc","Calculated data"
"QCL","Crops and livestock products","126","Lithuania","5419","Yield","236","Soybeans","2019","2019","hg/ha","12692","Fc","Calculated data"
"QCL","Crops and livestock products","126","Lithuania","5419","Yield","15","Wheat","2019","2019","hg/ha","42912","Fc","Calculated data"
"QCL","Crops and livestock products","256","Luxembourg","5419","Yield","15","Wheat","2019","2019","hg/ha","61572","Fc","Calculated data"
"QCL","Crops and livestock products","129","Madagascar","5419","Yield","27","Rice, paddy","1970","1970","hg/ha","19517","Fc","Calculated data"
"QCL","Crops and livestock products","129","Madagascar","5419","Yield","27","Rice, paddy","2019","2019","hg/ha","51872","Fc","Calculated data"
"QCL","Crops and livestock products","129","Madagascar","5419","Yield","236","Soybeans","2019","2019","hg/ha","6000","Fc","Calculated data"
"QCL","Crops and livestock products","129","Madagascar","5419","Yield","15","Wheat","2019","2019","hg/ha","24004","Fc","Calculated data"
"QCL","Crops and livestock products","130","Malawi","5419","Yield","27","Rice, paddy","1970","1970","hg/ha","11108","Fc","Calculated data"
"QCL","Crops and livestock products","130","Malawi","5419","Yield","27","Rice, paddy","2019","2019","hg/ha","17766","Fc","Calculated data"
"QCL","Crops and livestock products","130","Malawi","5419","Yield","236","Soybeans","2019","2019","hg/ha","9444","Fc","Calculated data"
"QCL","Crops and livestock products","130","Malawi","5419","Yield","15","Wheat","1970","1970","hg/ha","25914","Fc","Calculated data"
"QCL","Crops and livestock products","130","Malawi","5419","Yield","15","Wheat","2019","2019","hg/ha","10000","Fc","Calculated data"
"QCL","Crops and livestock products","131","Malaysia","5419","Yield","27","Rice, paddy","1970","1970","hg/ha","23858","Fc","Calculated data"
"QCL","Crops and livestock products","131","Malaysia","5419","Yield","27","Rice, paddy","2019","2019","hg/ha","42550","Fc","Calculated data"
"QCL","Crops and livestock products","131","Malaysia","5419","Yield","236","Soybeans","1970","1970","hg/ha","5183","Fc","Calculated data"
"QCL","Crops and livestock products","133","Mali","5419","Yield","27","Rice, paddy","1970","1970","hg/ha","9849","Fc","Calculated data"
"QCL","Crops and livestock products","133","Mali","5419","Yield","27","Rice, paddy","2019","2019","hg/ha","34568","Fc","Calculated data"
"QCL","Crops and livestock products","133","Mali","5419","Yield","236","Soybeans","2019","2019","hg/ha","6154","Fc","Calculated data"
"QCL","Crops and livestock products","133","Mali","5419","Yield","15","Wheat","1970","1970","hg/ha","13333","Fc","Calculated data"
"QCL","Crops and livestock products","133","Mali","5419","Yield","15","Wheat","2019","2019","hg/ha","19301","Fc","Calculated data"
"QCL","Crops and livestock products","134","Malta","5419","Yield","15","Wheat","1970","1970","hg/ha","14859","Fc","Calculated data"
"QCL","Crops and livestock products","136","Mauritania","5419","Yield","27","Rice, paddy","1970","1970","hg/ha","12477","Fc","Calculated data"
"QCL","Crops and livestock products","136","Mauritania","5419","Yield","27","Rice, paddy","2019","2019","hg/ha","52492","Fc","Calculated data"
"QCL","Crops and livestock products","136","Mauritania","5419","Yield","15","Wheat","1970","1970","hg/ha","6316","Fc","Calculated data"
"QCL","Crops and livestock products","136","Mauritania","5419","Yield","15","Wheat","2019","2019","hg/ha","21210","Fc","Calculated data"
"QCL","Crops and livestock products","137","Mauritius","5419","Yield","27","Rice, paddy","1970","1970","hg/ha","34449","Fc","Calculated data"
"QCL","Crops and livestock products","137","Mauritius","5419","Yield","27","Rice, paddy","2019","2019","hg/ha","35000","Fc","Calculated data"
"QCL","Crops and livestock products","138","Mexico","5419","Yield","27","Rice, paddy","1970","1970","hg/ha","27031","Fc","Calculated data"
"QCL","Crops and livestock products","138","Mexico","5419","Yield","27","Rice, paddy","2019","2019","hg/ha","63663","Fc","Calculated data"
"QCL","Crops and livestock products","138","Mexico","5419","Yield","236","Soybeans","1970","1970","hg/ha","19203","Fc","Calculated data"
"QCL","Crops and livestock products","138","Mexico","5419","Yield","236","Soybeans","2019","2019","hg/ha","15938","Fc","Calculated data"
"QCL","Crops and livestock products","138","Mexico","5419","Yield","15","Wheat","1970","1970","hg/ha","30202","Fc","Calculated data"
"QCL","Crops and livestock products","138","Mexico","5419","Yield","15","Wheat","2019","2019","hg/ha","55308","Fc","Calculated data"
"QCL","Crops and livestock products","145","Micronesia (Federated States of)","5419","Yield","27","Rice, paddy","2019","2019","hg/ha","20101","Fc","Calculated data"
"QCL","Crops and livestock products","141","Mongolia","5419","Yield","15","Wheat","1970","1970","hg/ha","7190","Fc","Calculated data"
"QCL","Crops and livestock products","141","Mongolia","5419","Yield","15","Wheat","2019","2019","hg/ha","12815","Fc","Calculated data"
"QCL","Crops and livestock products","273","Montenegro","5419","Yield","15","Wheat","2019","2019","hg/ha","28182","Fc","Calculated data"
"QCL","Crops and livestock products","143","Morocco","5419","Yield","27","Rice, paddy","1970","1970","hg/ha","50000","Fc","Calculated data"
"QCL","Crops and livestock products","143","Morocco","5419","Yield","27","Rice, paddy","2019","2019","hg/ha","81021","Fc","Calculated data"
"QCL","Crops and livestock products","143","Morocco","5419","Yield","236","Soybeans","2019","2019","hg/ha","9929","Fc","Calculated data"
"QCL","Crops and livestock products","143","Morocco","5419","Yield","15","Wheat","1970","1970","hg/ha","9516","Fc","Calculated data"
"QCL","Crops and livestock products","143","Morocco","5419","Yield","15","Wheat","2019","2019","hg/ha","16063","Fc","Calculated data"
"QCL","Crops and livestock products","144","Mozambique","5419","Yield","27","Rice, paddy","1970","1970","hg/ha","12843","Fc","Calculated data"
"QCL","Crops and livestock products","144","Mozambique","5419","Yield","27","Rice, paddy","2019","2019","hg/ha","4705","Fc","Calculated data"
"QCL","Crops and livestock products","144","Mozambique","5419","Yield","15","Wheat","1970","1970","hg/ha","9202","Fc","Calculated data"
"QCL","Crops and livestock products","144","Mozambique","5419","Yield","15","Wheat","2019","2019","hg/ha","11524","Fc","Calculated data"
"QCL","Crops and livestock products","28","Myanmar","5419","Yield","27","Rice, paddy","1970","1970","hg/ha","16973","Fc","Calculated data"
"QCL","Crops and livestock products","28","Myanmar","5419","Yield","27","Rice, paddy","2019","2019","hg/ha","37957","Fc","Calculated data"
"QCL","Crops and livestock products","28","Myanmar","5419","Yield","236","Soybeans","1970","1970","hg/ha","6974","Fc","Calculated data"
"QCL","Crops and livestock products","28","Myanmar","5419","Yield","236","Soybeans","2019","2019","hg/ha","10325","Fc","Calculated data"
"QCL","Crops and livestock products","28","Myanmar","5419","Yield","15","Wheat","1970","1970","hg/ha","5550","Fc","Calculated data"
"QCL","Crops and livestock products","28","Myanmar","5419","Yield","15","Wheat","2019","2019","hg/ha","18799","Fc","Calculated data"
"QCL","Crops and livestock products","147","Namibia","5419","Yield","15","Wheat","1970","1970","hg/ha","17500","Fc","Calculated data"
"QCL","Crops and livestock products","147","Namibia","5419","Yield","15","Wheat","2019","2019","hg/ha","30500","Fc","Calculated data"
"QCL","Crops and livestock products","149","Nepal","5419","Yield","27","Rice, paddy","1970","1970","hg/ha","19486","Fc","Calculated data"
"QCL","Crops and livestock products","149","Nepal","5419","Yield","27","Rice, paddy","2019","2019","hg/ha","37607","Fc","Calculated data"
"QCL","Crops and livestock products","149","Nepal","5419","Yield","236","Soybeans","1970","1970","hg/ha","5000","Fc","Calculated data"
"QCL","Crops and livestock products","149","Nepal","5419","Yield","236","Soybeans","2019","2019","hg/ha","12537","Fc","Calculated data"
"QCL","Crops and livestock products","149","Nepal","5419","Yield","15","Wheat","1970","1970","hg/ha","11733","Fc","Calculated data"
"QCL","Crops and livestock products","149","Nepal","5419","Yield","15","Wheat","2019","2019","hg/ha","28490","Fc","Calculated data"
"QCL","Crops and livestock products","150","Netherlands","5419","Yield","15","Wheat","1970","1970","hg/ha","45457","Fc","Calculated data"
"QCL","Crops and livestock products","150","Netherlands","5419","Yield","15","Wheat","2019","2019","hg/ha","93781","Fc","Calculated data"
"QCL","Crops and livestock products","153","New Caledonia","5419","Yield","15","Wheat","1970","1970","hg/ha","28571","Fc","Calculated data"
"QCL","Crops and livestock products","153","New Caledonia","5419","Yield","15","Wheat","2019","2019","hg/ha","7124","Fc","Calculated data"
"QCL","Crops and livestock products","156","New Zealand","5419","Yield","15","Wheat","1970","1970","hg/ha","26482","Fc","Calculated data"
"QCL","Crops and livestock products","156","New Zealand","5419","Yield","15","Wheat","2019","2019","hg/ha","88465","Fc","Calculated data"
"QCL","Crops and livestock products","157","Nicaragua","5419","Yield","27","Rice, paddy","1970","1970","hg/ha","31972","Fc","Calculated data"
"QCL","Crops and livestock products","157","Nicaragua","5419","Yield","27","Rice, paddy","2019","2019","hg/ha","63353","Fc","Calculated data"
"QCL","Crops and livestock products","157","Nicaragua","5419","Yield","236","Soybeans","2019","2019","hg/ha","25000","Fc","Calculated data"
"QCL","Crops and livestock products","158","Niger","5419","Yield","27","Rice, paddy","1970","1970","hg/ha","22622","Fc","Calculated data"
"QCL","Crops and livestock products","158","Niger","5419","Yield","27","Rice, paddy","2019","2019","hg/ha","45536","Fc","Calculated data"
"QCL","Crops and livestock products","158","Niger","5419","Yield","15","Wheat","1970","1970","hg/ha","9070","Fc","Calculated data"
"QCL","Crops and livestock products","158","Niger","5419","Yield","15","Wheat","2019","2019","hg/ha","28374","Fc","Calculated data"
"QCL","Crops and livestock products","159","Nigeria","5419","Yield","27","Rice, paddy","1970","1970","hg/ha","13451","Fc","Calculated data"
"QCL","Crops and livestock products","159","Nigeria","5419","Yield","27","Rice, paddy","2019","2019","hg/ha","15971","Fc","Calculated data"
"QCL","Crops and livestock products","159","Nigeria","5419","Yield","236","Soybeans","1970","1970","hg/ha","3135","Fc","Calculated data"
"QCL","Crops and livestock products","159","Nigeria","5419","Yield","236","Soybeans","2019","2019","hg/ha","9599","Fc","Calculated data"
"QCL","Crops and livestock products","159","Nigeria","5419","Yield","15","Wheat","1970","1970","hg/ha","17273","Fc","Calculated data"
"QCL","Crops and livestock products","159","Nigeria","5419","Yield","15","Wheat","2019","2019","hg/ha","10699","Fc","Calculated data"
"QCL","Crops and livestock products","154","North Macedonia","5419","Yield","27","Rice, paddy","2019","2019","hg/ha","61126","Fc","Calculated data"
"QCL","Crops and livestock products","154","North Macedonia","5419","Yield","236","Soybeans","2019","2019","hg/ha","17172","Fc","Calculated data"
"QCL","Crops and livestock products","154","North Macedonia","5419","Yield","15","Wheat","2019","2019","hg/ha","34848","Fc","Calculated data"
"QCL","Crops and livestock products","162","Norway","5419","Yield","15","Wheat","1970","1970","hg/ha","30070","Fc","Calculated data"
"QCL","Crops and livestock products","162","Norway","5419","Yield","15","Wheat","2019","2019","hg/ha","57387","Fc","Calculated data"
"QCL","Crops and livestock products","221","Oman","5419","Yield","15","Wheat","1970","1970","hg/ha","16667","Fc","Calculated data"
"QCL","Crops and livestock products","221","Oman","5419","Yield","15","Wheat","2019","2019","hg/ha","38498","Fc","Calculated data"
"QCL","Crops and livestock products","165","Pakistan","5419","Yield","27","Rice, paddy","1970","1970","hg/ha","21939","Fc","Calculated data"
"QCL","Crops and livestock products","165","Pakistan","5419","Yield","27","Rice, paddy","2019","2019","hg/ha","36637","Fc","Calculated data"
"QCL","Crops and livestock products","165","Pakistan","5419","Yield","236","Soybeans","1970","1970","hg/ha","4500","Fc","Calculated data"
"QCL","Crops and livestock products","165","Pakistan","5419","Yield","236","Soybeans","2019","2019","hg/ha","8824","Fc","Calculated data"
"QCL","Crops and livestock products","165","Pakistan","5419","Yield","15","Wheat","1970","1970","hg/ha","11710","Fc","Calculated data"
"QCL","Crops and livestock products","165","Pakistan","5419","Yield","15","Wheat","2019","2019","hg/ha","28059","Fc","Calculated data"
"QCL","Crops and livestock products","299","Palestine","5419","Yield","15","Wheat","2019","2019","hg/ha","22460","Fc","Calculated data"
"QCL","Crops and livestock products","166","Panama","5419","Yield","27","Rice, paddy","1970","1970","hg/ha","14086","Fc","Calculated data"
"QCL","Crops and livestock products","166","Panama","5419","Yield","27","Rice, paddy","2019","2019","hg/ha","34056","Fc","Calculated data"
"QCL","Crops and livestock products","166","Panama","5419","Yield","236","Soybeans","2019","2019","hg/ha","2575","Fc","Calculated data"
"QCL","Crops and livestock products","168","Papua New Guinea","5419","Yield","27","Rice, paddy","1970","1970","hg/ha","28879","Fc","Calculated data"
"QCL","Crops and livestock products","168","Papua New Guinea","5419","Yield","27","Rice, paddy","2019","2019","hg/ha","21010","Fc","Calculated data"
"QCL","Crops and livestock products","169","Paraguay","5419","Yield","27","Rice, paddy","1970","1970","hg/ha","19661","Fc","Calculated data"
"QCL","Crops and livestock products","169","Paraguay","5419","Yield","27","Rice, paddy","2019","2019","hg/ha","66000","Fc","Calculated data"
"QCL","Crops and livestock products","169","Paraguay","5419","Yield","236","Soybeans","1970","1970","hg/ha","14591","Fc","Calculated data"
"QCL","Crops and livestock products","169","Paraguay","5419","Yield","236","Soybeans","2019","2019","hg/ha","23900","Fc","Calculated data"
"QCL","Crops and livestock products","169","Paraguay","5419","Yield","15","Wheat","1970","1970","hg/ha","7333","Fc","Calculated data"
"QCL","Crops and livestock products","169","Paraguay","5419","Yield","15","Wheat","2019","2019","hg/ha","28000","Fc","Calculated data"
"QCL","Crops and livestock products","170","Peru","5419","Yield","27","Rice, paddy","1970","1970","hg/ha","41791","Fc","Calculated data"
"QCL","Crops and livestock products","170","Peru","5419","Yield","27","Rice, paddy","2019","2019","hg/ha","76918","Fc","Calculated data"
"QCL","Crops and livestock products","170","Peru","5419","Yield","236","Soybeans","1970","1970","hg/ha","10784","Fc","Calculated data"
"QCL","Crops and livestock products","170","Peru","5419","Yield","236","Soybeans","2019","2019","hg/ha","18647","Fc","Calculated data"
"QCL","Crops and livestock products","170","Peru","5419","Yield","15","Wheat","1970","1970","hg/ha","9203","Fc","Calculated data"
"QCL","Crops and livestock products","170","Peru","5419","Yield","15","Wheat","2019","2019","hg/ha","15540","Fc","Calculated data"
"QCL","Crops and livestock products","171","Philippines","5419","Yield","27","Rice, paddy","1970","1970","hg/ha","17460","Fc","Calculated data"
"QCL","Crops and livestock products","171","Philippines","5419","Yield","27","Rice, paddy","2019","2019","hg/ha","40449","Fc","Calculated data"
"QCL","Crops and livestock products","171","Philippines","5419","Yield","236","Soybeans","1970","1970","hg/ha","8185","Fc","Calculated data"
"QCL","Crops and livestock products","171","Philippines","5419","Yield","236","Soybeans","2019","2019","hg/ha","14295","Fc","Calculated data"
"QCL","Crops and livestock products","173","Poland","5419","Yield","236","Soybeans","2019","2019","hg/ha","19621","Fc","Calculated data"
"QCL","Crops and livestock products","173","Poland","5419","Yield","15","Wheat","1970","1970","hg/ha","23211","Fc","Calculated data"
"QCL","Crops and livestock products","173","Poland","5419","Yield","15","Wheat","2019","2019","hg/ha","43035","Fc","Calculated data"
"QCL","Crops and livestock products","174","Portugal","5419","Yield","27","Rice, paddy","1970","1970","hg/ha","46662","Fc","Calculated data"
"QCL","Crops and livestock products","174","Portugal","5419","Yield","27","Rice, paddy","2019","2019","hg/ha","53596","Fc","Calculated data"
"QCL","Crops and livestock products","174","Portugal","5419","Yield","15","Wheat","1970","1970","hg/ha","9375","Fc","Calculated data"
"QCL","Crops and livestock products","174","Portugal","5419","Yield","15","Wheat","2019","2019","hg/ha","23298","Fc","Calculated data"
"QCL","Crops and livestock products","177","Puerto Rico","5419","Yield","27","Rice, paddy","1970","1970","hg/ha","65714","Fc","Calculated data"
"QCL","Crops and livestock products","177","Puerto Rico","5419","Yield","27","Rice, paddy","2019","2019","hg/ha","14038","Fc","Calculated data"
"QCL","Crops and livestock products","179","Qatar","5419","Yield","15","Wheat","2019","2019","hg/ha","10000","Fc","Calculated data"
"QCL","Crops and livestock products","117","Republic of Korea","5419","Yield","27","Rice, paddy","1970","1970","hg/ha","45520","Fc","Calculated data"
"QCL","Crops and livestock products","117","Republic of Korea","5419","Yield","27","Rice, paddy","2019","2019","hg/ha","68731","Fc","Calculated data"
"QCL","Crops and livestock products","117","Republic of Korea","5419","Yield","236","Soybeans","1970","1970","hg/ha","7852","Fc","Calculated data"
"QCL","Crops and livestock products","117","Republic of Korea","5419","Yield","236","Soybeans","2019","2019","hg/ha","17995","Fc","Calculated data"
"QCL","Crops and livestock products","117","Republic of Korea","5419","Yield","15","Wheat","1970","1970","hg/ha","22600","Fc","Calculated data"
"QCL","Crops and livestock products","117","Republic of Korea","5419","Yield","15","Wheat","2019","2019","hg/ha","37500","Fc","Calculated data"
"QCL","Crops and livestock products","146","Republic of Moldova","5419","Yield","236","Soybeans","2019","2019","hg/ha","17326","Fc","Calculated data"
"QCL","Crops and livestock products","146","Republic of Moldova","5419","Yield","15","Wheat","2019","2019","hg/ha","32596","Fc","Calculated data"
"QCL","Crops and livestock products","183","Romania","5419","Yield","27","Rice, paddy","1970","1970","hg/ha","23348","Fc","Calculated data"
"QCL","Crops and livestock products","183","Romania","5419","Yield","27","Rice, paddy","2019","2019","hg/ha","53203","Fc","Calculated data"
"QCL","Crops and livestock products","183","Romania","5419","Yield","236","Soybeans","1970","1970","hg/ha","11441","Fc","Calculated data"
"QCL","Crops and livestock products","183","Romania","5419","Yield","236","Soybeans","2019","2019","hg/ha","27829","Fc","Calculated data"
"QCL","Crops and livestock products","183","Romania","5419","Yield","15","Wheat","1970","1970","hg/ha","14459","Fc","Calculated data"
"QCL","Crops and livestock products","183","Romania","5419","Yield","15","Wheat","2019","2019","hg/ha","47488","Fc","Calculated data"
"QCL","Crops and livestock products","185","Russian Federation","5419","Yield","27","Rice, paddy","2019","2019","hg/ha","57615","Fc","Calculated data"
"QCL","Crops and livestock products","185","Russian Federation","5419","Yield","236","Soybeans","2019","2019","hg/ha","15727","Fc","Calculated data"
"QCL","Crops and livestock products","185","Russian Federation","5419","Yield","15","Wheat","2019","2019","hg/ha","27016","Fc","Calculated data"
"QCL","Crops and livestock products","184","Rwanda","5419","Yield","27","Rice, paddy","1970","1970","hg/ha","18994","Fc","Calculated data"
"QCL","Crops and livestock products","184","Rwanda","5419","Yield","27","Rice, paddy","2019","2019","hg/ha","39998","Fc","Calculated data"
"QCL","Crops and livestock products","184","Rwanda","5419","Yield","236","Soybeans","1970","1970","hg/ha","8003","Fc","Calculated data"
"QCL","Crops and livestock products","184","Rwanda","5419","Yield","236","Soybeans","2019","2019","hg/ha","5252","Fc","Calculated data"
"QCL","Crops and livestock products","184","Rwanda","5419","Yield","15","Wheat","1970","1970","hg/ha","9000","Fc","Calculated data"
"QCL","Crops and livestock products","184","Rwanda","5419","Yield","15","Wheat","2019","2019","hg/ha","11853","Fc","Calculated data"
"QCL","Crops and livestock products","194","Saudi Arabia","5419","Yield","27","Rice, paddy","1970","1970","hg/ha","30000","Fc","Calculated data"
"QCL","Crops and livestock products","194","Saudi Arabia","5419","Yield","15","Wheat","1970","1970","hg/ha","18571","Fc","Calculated data"
"QCL","Crops and livestock products","194","Saudi Arabia","5419","Yield","15","Wheat","2019","2019","hg/ha","60683","Fc","Calculated data"
"QCL","Crops and livestock products","195","Senegal","5419","Yield","27","Rice, paddy","1970","1970","hg/ha","10284","Fc","Calculated data"
"QCL","Crops and livestock products","195","Senegal","5419","Yield","27","Rice, paddy","2019","2019","hg/ha","33442","Fc","Calculated data"
"QCL","Crops and livestock products","272","Serbia","5419","Yield","236","Soybeans","2019","2019","hg/ha","30540","Fc","Calculated data"
"QCL","Crops and livestock products","272","Serbia","5419","Yield","15","Wheat","2019","2019","hg/ha","43890","Fc","Calculated data"
"QCL","Crops and livestock products","197","Sierra Leone","5419","Yield","27","Rice, paddy","1970","1970","hg/ha","13769","Fc","Calculated data"
"QCL","Crops and livestock products","197","Sierra Leone","5419","Yield","27","Rice, paddy","2019","2019","hg/ha","15745","Fc","Calculated data"
"QCL","Crops and livestock products","199","Slovakia","5419","Yield","236","Soybeans","2019","2019","hg/ha","25139","Fc","Calculated data"
"QCL","Crops and livestock products","199","Slovakia","5419","Yield","15","Wheat","2019","2019","hg/ha","47666","Fc","Calculated data"
"QCL","Crops and livestock products","198","Slovenia","5419","Yield","236","Soybeans","2019","2019","hg/ha","29650","Fc","Calculated data"
"QCL","Crops and livestock products","198","Slovenia","5419","Yield","15","Wheat","2019","2019","hg/ha","52305","Fc","Calculated data"
"QCL","Crops and livestock products","25","Solomon Islands","5419","Yield","27","Rice, paddy","1970","1970","hg/ha","27260","Fc","Calculated data"
"QCL","Crops and livestock products","25","Solomon Islands","5419","Yield","27","Rice, paddy","2019","2019","hg/ha","15126","Fc","Calculated data"
"QCL","Crops and livestock products","201","Somalia","5419","Yield","27","Rice, paddy","1970","1970","hg/ha","28571","Fc","Calculated data"
"QCL","Crops and livestock products","201","Somalia","5419","Yield","27","Rice, paddy","2019","2019","hg/ha","10142","Fc","Calculated data"
"QCL","Crops and livestock products","201","Somalia","5419","Yield","15","Wheat","2019","2019","hg/ha","4007","Fc","Calculated data"
"QCL","Crops and livestock products","202","South Africa","5419","Yield","27","Rice, paddy","1970","1970","hg/ha","15385","Fc","Calculated data"
"QCL","Crops and livestock products","202","South Africa","5419","Yield","27","Rice, paddy","2019","2019","hg/ha","28049","Fc","Calculated data"
"QCL","Crops and livestock products","202","South Africa","5419","Yield","236","Soybeans","1970","1970","hg/ha","5436","Fc","Calculated data"
"QCL","Crops and livestock products","202","South Africa","5419","Yield","236","Soybeans","2019","2019","hg/ha","16021","Fc","Calculated data"
"QCL","Crops and livestock products","202","South Africa","5419","Yield","15","Wheat","1970","1970","hg/ha","7233","Fc","Calculated data"
"QCL","Crops and livestock products","202","South Africa","5419","Yield","15","Wheat","2019","2019","hg/ha","28426","Fc","Calculated data"
"QCL","Crops and livestock products","203","Spain","5419","Yield","27","Rice, paddy","1970","1970","hg/ha","59487","Fc","Calculated data"
"QCL","Crops and livestock products","203","Spain","5419","Yield","27","Rice, paddy","2019","2019","hg/ha","75339","Fc","Calculated data"
"QCL","Crops and livestock products","203","Spain","5419","Yield","236","Soybeans","1970","1970","hg/ha","14938","Fc","Calculated data"
"QCL","Crops and livestock products","203","Spain","5419","Yield","236","Soybeans","2019","2019","hg/ha","32930","Fc","Calculated data"
"QCL","Crops and livestock products","203","Spain","5419","Yield","15","Wheat","1970","1970","hg/ha","10813","Fc","Calculated data"
"QCL","Crops and livestock products","203","Spain","5419","Yield","15","Wheat","2019","2019","hg/ha","31463","Fc","Calculated data"
"QCL","Crops and livestock products","38","Sri Lanka","5419","Yield","27","Rice, paddy","1970","1970","hg/ha","22485","Fc","Calculated data"
"QCL","Crops and livestock products","38","Sri Lanka","5419","Yield","27","Rice, paddy","2019","2019","hg/ha","47954","Fc","Calculated data"
"QCL","Crops and livestock products","38","Sri Lanka","5419","Yield","236","Soybeans","1970","1970","hg/ha","8750","Fc","Calculated data"
"QCL","Crops and livestock products","38","Sri Lanka","5419","Yield","236","Soybeans","2019","2019","hg/ha","24037","Fc","Calculated data"
"QCL","Crops and livestock products","276","Sudan","5419","Yield","27","Rice, paddy","2019","2019","hg/ha","27730","Fc","Calculated data"
"QCL","Crops and livestock products","276","Sudan","5419","Yield","15","Wheat","2019","2019","hg/ha","23908","Fc","Calculated data"
"QCL","Crops and livestock products","206","Sudan (former)","5419","Yield","27","Rice, paddy","1970","1970","hg/ha","11903","Fc","Calculated data"
"QCL","Crops and livestock products","206","Sudan (former)","5419","Yield","15","Wheat","1970","1970","hg/ha","9458","Fc","Calculated data"
"QCL","Crops and livestock products","207","Suriname","5419","Yield","27","Rice, paddy","1970","1970","hg/ha","37156","Fc","Calculated data"
"QCL","Crops and livestock products","207","Suriname","5419","Yield","27","Rice, paddy","2019","2019","hg/ha","45570","Fc","Calculated data"
"QCL","Crops and livestock products","207","Suriname","5419","Yield","236","Soybeans","1970","1970","hg/ha","9667","Fc","Calculated data"
"QCL","Crops and livestock products","207","Suriname","5419","Yield","236","Soybeans","2019","2019","hg/ha","10000","Fc","Calculated data"
"QCL","Crops and livestock products","210","Sweden","5419","Yield","15","Wheat","1970","1970","hg/ha","36341","Fc","Calculated data"
"QCL","Crops and livestock products","210","Sweden","5419","Yield","15","Wheat","2019","2019","hg/ha","74055","Fc","Calculated data"
"QCL","Crops and livestock products","211","Switzerland","5419","Yield","236","Soybeans","2019","2019","hg/ha","31087","Fc","Calculated data"
"QCL","Crops and livestock products","211","Switzerland","5419","Yield","15","Wheat","1970","1970","hg/ha","35664","Fc","Calculated data"
"QCL","Crops and livestock products","211","Switzerland","5419","Yield","15","Wheat","2019","2019","hg/ha","57514","Fc","Calculated data"
"QCL","Crops and livestock products","212","Syrian Arab Republic","5419","Yield","27","Rice, paddy","1970","1970","hg/ha","18171","Fc","Calculated data"
"QCL","Crops and livestock products","212","Syrian Arab Republic","5419","Yield","236","Soybeans","2019","2019","hg/ha","15383","Fc","Calculated data"
"QCL","Crops and livestock products","212","Syrian Arab Republic","5419","Yield","15","Wheat","1970","1970","hg/ha","4659","Fc","Calculated data"
"QCL","Crops and livestock products","212","Syrian Arab Republic","5419","Yield","15","Wheat","2019","2019","hg/ha","22927","Fc","Calculated data"
"QCL","Crops and livestock products","208","Tajikistan","5419","Yield","27","Rice, paddy","2019","2019","hg/ha","85882","Fc","Calculated data"
"QCL","Crops and livestock products","208","Tajikistan","5419","Yield","236","Soybeans","2019","2019","hg/ha","4091","Fc","Calculated data"
"QCL","Crops and livestock products","208","Tajikistan","5419","Yield","15","Wheat","2019","2019","hg/ha","31705","Fc","Calculated data"
"QCL","Crops and livestock products","216","Thailand","5419","Yield","27","Rice, paddy","1970","1970","hg/ha","20207","Fc","Calculated data"
"QCL","Crops and livestock products","216","Thailand","5419","Yield","27","Rice, paddy","2019","2019","hg/ha","29188","Fc","Calculated data"
"QCL","Crops and livestock products","216","Thailand","5419","Yield","236","Soybeans","1970","1970","hg/ha","8750","Fc","Calculated data"
"QCL","Crops and livestock products","216","Thailand","5419","Yield","236","Soybeans","2019","2019","hg/ha","16665","Fc","Calculated data"
"QCL","Crops and livestock products","216","Thailand","5419","Yield","15","Wheat","2019","2019","hg/ha","10860","Fc","Calculated data"
"QCL","Crops and livestock products","176","Timor-Leste","5419","Yield","27","Rice, paddy","1970","1970","hg/ha","17933","Fc","Calculated data"
"QCL","Crops and livestock products","176","Timor-Leste","5419","Yield","27","Rice, paddy","2019","2019","hg/ha","32028","Fc","Calculated data"
"QCL","Crops and livestock products","176","Timor-Leste","5419","Yield","236","Soybeans","1970","1970","hg/ha","7143","Fc","Calculated data"
"QCL","Crops and livestock products","176","Timor-Leste","5419","Yield","236","Soybeans","2019","2019","hg/ha","14839","Fc","Calculated data"
"QCL","Crops and livestock products","217","Togo","5419","Yield","27","Rice, paddy","1970","1970","hg/ha","5829","Fc","Calculated data"
"QCL","Crops and livestock products","217","Togo","5419","Yield","27","Rice, paddy","2019","2019","hg/ha","16398","Fc","Calculated data"
"QCL","Crops and livestock products","217","Togo","5419","Yield","236","Soybeans","2019","2019","hg/ha","4472","Fc","Calculated data"
"QCL","Crops and livestock products","220","Trinidad and Tobago","5419","Yield","27","Rice, paddy","1970","1970","hg/ha","27521","Fc","Calculated data"
"QCL","Crops and livestock products","220","Trinidad and Tobago","5419","Yield","27","Rice, paddy","2019","2019","hg/ha","5000","Fc","Calculated data"
"QCL","Crops and livestock products","222","Tunisia","5419","Yield","15","Wheat","1970","1970","hg/ha","5767","Fc","Calculated data"
"QCL","Crops and livestock products","222","Tunisia","5419","Yield","15","Wheat","2019","2019","hg/ha","22395","Fc","Calculated data"
"QCL","Crops and livestock products","223","Turkey","5419","Yield","27","Rice, paddy","1970","1970","hg/ha","40409","Fc","Calculated data"
"QCL","Crops and livestock products","223","Turkey","5419","Yield","27","Rice, paddy","2019","2019","hg/ha","79102","Fc","Calculated data"
"QCL","Crops and livestock products","223","Turkey","5419","Yield","236","Soybeans","1970","1970","hg/ha","10909","Fc","Calculated data"
"QCL","Crops and livestock products","223","Turkey","5419","Yield","236","Soybeans","2019","2019","hg/ha","42499","Fc","Calculated data"
"QCL","Crops and livestock products","223","Turkey","5419","Yield","15","Wheat","1970","1970","hg/ha","11701","Fc","Calculated data"
"QCL","Crops and livestock products","223","Turkey","5419","Yield","15","Wheat","2019","2019","hg/ha","27811","Fc","Calculated data"
"QCL","Crops and livestock products","213","Turkmenistan","5419","Yield","27","Rice, paddy","2019","2019","hg/ha","7594","Fc","Calculated data"
"QCL","Crops and livestock products","213","Turkmenistan","5419","Yield","15","Wheat","2019","2019","hg/ha","16667","Fc","Calculated data"
"QCL","Crops and livestock products","226","Uganda","5419","Yield","27","Rice, paddy","1970","1970","hg/ha","7323","Fc","Calculated data"
"QCL","Crops and livestock products","226","Uganda","5419","Yield","27","Rice, paddy","2019","2019","hg/ha","28425","Fc","Calculated data"
"QCL","Crops and livestock products","226","Uganda","5419","Yield","236","Soybeans","1970","1970","hg/ha","10870","Fc","Calculated data"
"QCL","Crops and livestock products","226","Uganda","5419","Yield","236","Soybeans","2019","2019","hg/ha","5833","Fc","Calculated data"
"QCL","Crops and livestock products","226","Uganda","5419","Yield","15","Wheat","1970","1970","hg/ha","19800","Fc","Calculated data"
"QCL","Crops and livestock products","226","Uganda","5419","Yield","15","Wheat","2019","2019","hg/ha","15500","Fc","Calculated data"
"QCL","Crops and livestock products","230","Ukraine","5419","Yield","27","Rice, paddy","2019","2019","hg/ha","51971","Fc","Calculated data"
"QCL","Crops and livestock products","230","Ukraine","5419","Yield","236","Soybeans","2019","2019","hg/ha","22933","Fc","Calculated data"
"QCL","Crops and livestock products","230","Ukraine","5419","Yield","15","Wheat","2019","2019","hg/ha","41566","Fc","Calculated data"
"QCL","Crops and livestock products","229","United Kingdom of Great Britain and Northern Ireland","5419","Yield","15","Wheat","1970","1970","hg/ha","41939","Fc","Calculated data"
"QCL","Crops and livestock products","229","United Kingdom of Great Britain and Northern Ireland","5419","Yield","15","Wheat","2019","2019","hg/ha","89345","Fc","Calculated data"
"QCL","Crops and livestock products","215","United Republic of Tanzania","5419","Yield","27","Rice, paddy","1970","1970","hg/ha","8742","Fc","Calculated data"
"QCL","Crops and livestock products","215","United Republic of Tanzania","5419","Yield","27","Rice, paddy","2019","2019","hg/ha","33013","Fc","Calculated data"
"QCL","Crops and livestock products","215","United Republic of Tanzania","5419","Yield","236","Soybeans","1970","1970","hg/ha","2400","Fc","Calculated data"
"QCL","Crops and livestock products","215","United Republic of Tanzania","5419","Yield","236","Soybeans","2019","2019","hg/ha","11997","Fc","Calculated data"
"QCL","Crops and livestock products","215","United Republic of Tanzania","5419","Yield","15","Wheat","1970","1970","hg/ha","9500","Fc","Calculated data"
"QCL","Crops and livestock products","215","United Republic of Tanzania","5419","Yield","15","Wheat","2019","2019","hg/ha","15029","Fc","Calculated data"
"QCL","Crops and livestock products","231","United States of America","5419","Yield","27","Rice, paddy","1970","1970","hg/ha","51763","Fc","Calculated data"
"QCL","Crops and livestock products","231","United States of America","5419","Yield","27","Rice, paddy","2019","2019","hg/ha","83735","Fc","Calculated data"
"QCL","Crops and livestock products","231","United States of America","5419","Yield","236","Soybeans","1970","1970","hg/ha","17941","Fc","Calculated data"
"QCL","Crops and livestock products","231","United States of America","5419","Yield","236","Soybeans","2019","2019","hg/ha","31890","Fc","Calculated data"
"QCL","Crops and livestock products","231","United States of America","5419","Yield","15","Wheat","1970","1970","hg/ha","20865","Fc","Calculated data"
"QCL","Crops and livestock products","231","United States of America","5419","Yield","15","Wheat","2019","2019","hg/ha","34748","Fc","Calculated data"
"QCL","Crops and livestock products","234","Uruguay","5419","Yield","27","Rice, paddy","1970","1970","hg/ha","38836","Fc","Calculated data"
"QCL","Crops and livestock products","234","Uruguay","5419","Yield","27","Rice, paddy","2019","2019","hg/ha","82759","Fc","Calculated data"
"QCL","Crops and livestock products","234","Uruguay","5419","Yield","236","Soybeans","1970","1970","hg/ha","10000","Fc","Calculated data"
"QCL","Crops and livestock products","234","Uruguay","5419","Yield","236","Soybeans","2019","2019","hg/ha","29275","Fc","Calculated data"
"QCL","Crops and livestock products","234","Uruguay","5419","Yield","15","Wheat","1970","1970","hg/ha","11533","Fc","Calculated data"
"QCL","Crops and livestock products","234","Uruguay","5419","Yield","15","Wheat","2019","2019","hg/ha","36673","Fc","Calculated data"
"QCL","Crops and livestock products","228","USSR","5419","Yield","27","Rice, paddy","1970","1970","hg/ha","34000","Fc","Calculated data"
"QCL","Crops and livestock products","228","USSR","5419","Yield","236","Soybeans","1970","1970","hg/ha","6911","Fc","Calculated data"
"QCL","Crops and livestock products","228","USSR","5419","Yield","15","Wheat","1970","1970","hg/ha","14372","Fc","Calculated data"
"QCL","Crops and livestock products","235","Uzbekistan","5419","Yield","27","Rice, paddy","2019","2019","hg/ha","48466","Fc","Calculated data"
"QCL","Crops and livestock products","235","Uzbekistan","5419","Yield","236","Soybeans","2019","2019","hg/ha","35037","Fc","Calculated data"
"QCL","Crops and livestock products","235","Uzbekistan","5419","Yield","15","Wheat","2019","2019","hg/ha","46493","Fc","Calculated data"
"QCL","Crops and livestock products","236","Venezuela (Bolivarian Republic of)","5419","Yield","27","Rice, paddy","1970","1970","hg/ha","17369","Fc","Calculated data"
"QCL","Crops and livestock products","236","Venezuela (Bolivarian Republic of)","5419","Yield","27","Rice, paddy","2019","2019","hg/ha","42707","Fc","Calculated data"
"QCL","Crops and livestock products","236","Venezuela (Bolivarian Republic of)","5419","Yield","236","Soybeans","2019","2019","hg/ha","9519","Fc","Calculated data"
"QCL","Crops and livestock products","236","Venezuela (Bolivarian Republic of)","5419","Yield","15","Wheat","1970","1970","hg/ha","3775","Fc","Calculated data"
"QCL","Crops and livestock products","236","Venezuela (Bolivarian Republic of)","5419","Yield","15","Wheat","2019","2019","hg/ha","26384","Fc","Calculated data"
"QCL","Crops and livestock products","237","Viet Nam","5419","Yield","27","Rice, paddy","1970","1970","hg/ha","21534","Fc","Calculated data"
"QCL","Crops and livestock products","237","Viet Nam","5419","Yield","27","Rice, paddy","2019","2019","hg/ha","58165","Fc","Calculated data"
"QCL","Crops and livestock products","237","Viet Nam","5419","Yield","236","Soybeans","1970","1970","hg/ha","5379","Fc","Calculated data"
"QCL","Crops and livestock products","237","Viet Nam","5419","Yield","236","Soybeans","2019","2019","hg/ha","15304","Fc","Calculated data"
"QCL","Crops and livestock products","249","Yemen","5419","Yield","15","Wheat","1970","1970","hg/ha","9102","Fc","Calculated data"
"QCL","Crops and livestock products","249","Yemen","5419","Yield","15","Wheat","2019","2019","hg/ha","17459","Fc","Calculated data"
"QCL","Crops and livestock products","248","Yugoslav SFR","5419","Yield","27","Rice, paddy","1970","1970","hg/ha","41403","Fc","Calculated data"
"QCL","Crops and livestock products","248","Yugoslav SFR","5419","Yield","236","Soybeans","1970","1970","hg/ha","13021","Fc","Calculated data"
"QCL","Crops and livestock products","248","Yugoslav SFR","5419","Yield","15","Wheat","1970","1970","hg/ha","20687","Fc","Calculated data"
"QCL","Crops and livestock products","251","Zambia","5419","Yield","27","Rice, paddy","1970","1970","hg/ha","4079","Fc","Calculated data"
"QCL","Crops and livestock products","251","Zambia","5419","Yield","27","Rice, paddy","2019","2019","hg/ha","12038","Fc","Calculated data"
"QCL","Crops and livestock products","251","Zambia","5419","Yield","236","Soybeans","2019","2019","hg/ha","14336","Fc","Calculated data"
"QCL","Crops and livestock products","251","Zambia","5419","Yield","15","Wheat","1970","1970","hg/ha","10100","Fc","Calculated data"
"QCL","Crops and livestock products","251","Zambia","5419","Yield","15","Wheat","2019","2019","hg/ha","66877","Fc","Calculated data"
"QCL","Crops and livestock products","181","Zimbabwe","5419","Yield","27","Rice, paddy","1970","1970","hg/ha","17834","Fc","Calculated data"
"QCL","Crops and livestock products","181","Zimbabwe","5419","Yield","27","Rice, paddy","2019","2019","hg/ha","599","Fc","Calculated data"
"QCL","Crops and livestock products","181","Zimbabwe","5419","Yield","236","Soybeans","1970","1970","hg/ha","19107","Fc","Calculated data"
"QCL","Crops and livestock products","181","Zimbabwe","5419","Yield","236","Soybeans","2019","2019","hg/ha","13333","Fc","Calculated data"
"QCL","Crops and livestock products","181","Zimbabwe","5419","Yield","15","Wheat","1970","1970","hg/ha","35326","Fc","Calculated data"
"QCL","Crops and livestock products","181","Zimbabwe","5419","Yield","15","Wheat","2019","2019","hg/ha","15891","Fc","Calculated data"
